first_name;last_name;organization_name;email;password
Jeanette;Gallagher;;Jeanette.Gallagher@aibloq.com;Jeanette85200104786
Christina;Sanders;;Christina.Sanders@aibloq.com;Christina85200104786
Natalie;Anderson;;Natalie.Anderson@aibloq.com;Natalie85200104786
Whitney;Bonilla;;Whitney.Bonilla@aibloq.com;Whitney85200104786
Nicholas;Blanchard;;Nicholas.Blanchard@aibloq.com;Nicholas85200104786
Lindsey;Maldonado;;Lindsey.Maldonado@aibloq.com;Lindsey85200104786
Patricia;Hatfield;;Patricia.Hatfield@aibloq.com;Patricia85200104786
Samantha;Swanson;;Samantha.Swanson@aibloq.com;Samantha85200104786
Jeffrey;Harrison;;Jeffrey.Harrison@aibloq.com;Jeffrey85200104786
Micheal;Vasquez;;Micheal.Vasquez@aibloq.com;Micheal85200104786
Roberta;Martinez;;Roberta.Martinez@aibloq.com;Roberta85200104786
Kristin;Kennedy;;Kristin.Kennedy@aibloq.com;Kristin85200104786
Christine;Hickman;;Christine.Hickman@aibloq.com;Christine85200104786
Kaitlyn;Rodriguez;;Kaitlyn.Rodriguez@aibloq.com;Kaitlyn85200104786
Timothy;Carlson;;Timothy.Carlson@aibloq.com;Timothy85200104786
Alexandria;Thompson;;Alexandria.Thompson@aibloq.com;Alexandria85200104786
Jackson;Jackson;;Jackson.Jackson@aibloq.com;Jackson85200104786
Maurice;Robinson;;Maurice.Robinson@aibloq.com;Maurice85200104786
Alexandra;Alvarez;;Alexandra.Alvarez@aibloq.com;Alexandra85200104786
Matthew;Washington;;Matthew.Washington@aibloq.com;Matthew85200104786
Bradley;Patterson;;Bradley.Patterson@aibloq.com;Bradley85200104786
Randall;Hernandez;;Randall.Hernandez@aibloq.com;Randall85200104786
Adrienne;Alvarado;;Adrienne.Alvarado@aibloq.com;Adrienne85200104786
Kristen;Campbell;;Kristen.Campbell@aibloq.com;Kristen85200104786
Raymond;Fitzpatrick;;Raymond.Fitzpatrick@aibloq.com;Raymond85200104786
Francisco;Figueroa;;Francisco.Figueroa@aibloq.com;Francisco85200104786
Gabrielle;Guerrero;;Gabrielle.Guerrero@aibloq.com;Gabrielle85200104786
Brittney;Jenkins;;Brittney.Jenkins@aibloq.com;Brittney85200104786
Heather;Mendoza;;Heather.Mendoza@aibloq.com;Heather85200104786
Courtney;Ramirez;;Courtney.Ramirez@aibloq.com;Courtney85200104786
Katrina;Shelton;;Katrina.Shelton@aibloq.com;Katrina85200104786
Shannon;Baldwin;;Shannon.Baldwin@aibloq.com;Shannon85200104786
Darrell;Shepherd;;Darrell.Shepherd@aibloq.com;Darrell85200104786
Caroline;Stephenson;;Caroline.Stephenson@aibloq.com;Caroline85200104786
Patrick;Morrison;;Patrick.Morrison@aibloq.com;Patrick85200104786
Marissa;Hampton;;Marissa.Hampton@aibloq.com;Marissa85200104786
Suzanne;Rasmussen;;Suzanne.Rasmussen@aibloq.com;Suzanne85200104786
Cameron;Daniels;;Cameron.Daniels@aibloq.com;Cameron85200104786
Katherine;Gonzalez;;Katherine.Gonzalez@aibloq.com;Katherine85200104786
Crystal;Nichols;;Crystal.Nichols@aibloq.com;Crystal85200104786
Jeffery;Stephens;;Jeffery.Stephens@aibloq.com;Jeffery85200104786
Michael;Robbins;;Michael.Robbins@aibloq.com;Michael85200104786
Rebecca;Pollard;;Rebecca.Pollard@aibloq.com;Rebecca85200104786
Veronica;Pennington;;Veronica.Pennington@aibloq.com;Veronica85200104786
Kathryn;Mcknight;;Kathryn.Mcknight@aibloq.com;Kathryn85200104786
Kristina;Christensen;;Kristina.Christensen@aibloq.com;Kristina85200104786
Vanessa;Shaffer;;Vanessa.Shaffer@aibloq.com;Vanessa85200104786
Felicia;Sullivan;;Felicia.Sullivan@aibloq.com;Felicia85200104786
Dominique;Wallace;;Dominique.Wallace@aibloq.com;Dominique85200104786
Miranda;Johnson;;Miranda.Johnson@aibloq.com;Miranda85200104786
Barbara;Copeland;;Barbara.Copeland@aibloq.com;Barbara85200104786
Benjamin;Ferguson;;Benjamin.Ferguson@aibloq.com;Benjamin85200104786
Stephanie;Roberts;;Stephanie.Roberts@aibloq.com;Stephanie85200104786
Brandon;Stanley;;Brandon.Stanley@aibloq.com;Brandon85200104786
Colleen;Gallegos;;Colleen.Gallegos@aibloq.com;Colleen85200104786
Kimberly;Holloway;;Kimberly.Holloway@aibloq.com;Kimberly85200104786
Elizabeth;Stevens;;Elizabeth.Stevens@aibloq.com;Elizabeth85200104786
Nathaniel;Middleton;;Nathaniel.Middleton@aibloq.com;Nathaniel85200104786
Christopher;Collins;;Christopher.Collins@aibloq.com;Christopher85200104786
Yolanda;Pacheco;;Yolanda.Pacheco@aibloq.com;Yolanda85200104786
Jonathan;Mckinney;;Jonathan.Mckinney@aibloq.com;Jonathan85200104786
Latasha;Valencia;;Latasha.Valencia@aibloq.com;Latasha85200104786
Nichole;Trevino;;Nichole.Trevino@aibloq.com;Nichole85200104786
Deborah;Russell;;Deborah.Russell@aibloq.com;Deborah85200104786
Jacqueline;Peterson;;Jacqueline.Peterson@aibloq.com;Jacqueline85200104786
Jessica;Barrett;;Jessica.Barrett@aibloq.com;Jessica85200104786
Kenneth;Atkinson;;Kenneth.Atkinson@aibloq.com;Kenneth85200104786
Mackenzie;Ballard;;Mackenzie.Ballard@aibloq.com;Mackenzie85200104786
Charlene;Benitez;;Charlene.Benitez@aibloq.com;Charlene85200104786
Lawrence;Stewart;;Lawrence.Stewart@aibloq.com;Lawrence85200104786
Russell;Hawkins;;Russell.Hawkins@aibloq.com;Russell85200104786
Melanie;Whitaker;;Melanie.Whitaker@aibloq.com;Melanie85200104786
Vincent;Buckley;;Vincent.Buckley@aibloq.com;Vincent85200104786
William;Skinner;;William.Skinner@aibloq.com;William85200104786
Kathleen;Morales;;Kathleen.Morales@aibloq.com;Kathleen85200104786
Stephen;Gonzales;;Stephen.Gonzales@aibloq.com;Stephen85200104786
Brittany;Garrett;;Brittany.Garrett@aibloq.com;Brittany85200104786
Reginald;Manning;;Reginald.Manning@aibloq.com;Reginald85200104786
Spencer;Chandler;;Spencer.Chandler@aibloq.com;Spencer85200104786
Richard;Reynolds;;Richard.Reynolds@aibloq.com;Richard85200104786
Jennifer;Shepard;;Jennifer.Shepard@aibloq.com;Jennifer85200104786
Anthony;Chambers;;Anthony.Chambers@aibloq.com;Anthony85200104786
Chelsea;Sanchez;;Chelsea.Sanchez@aibloq.com;Chelsea85200104786
Garrett;Browning;;Garrett.Browning@aibloq.com;Garrett85200104786
Alejandro;Donaldson;;Alejandro.Donaldson@aibloq.com;Alejandro85200104786
Zachary;Holland;;Zachary.Holland@aibloq.com;Zachary85200104786
Madeline;Mccormick;;Madeline.Mccormick@aibloq.com;Madeline85200104786
Mitchell;Mitchell;;Mitchell.Mitchell@aibloq.com;Mitchell85200104786
Fernando;Cummings;;Fernando.Cummings@aibloq.com;Fernando85200104786
Catherine;Gutierrez;;Catherine.Gutierrez@aibloq.com;Catherine85200104786
Rachael;Trujillo;;Rachael.Trujillo@aibloq.com;Rachael85200104786
Antonio;Herrera;;Antonio.Herrera@aibloq.com;Antonio85200104786
Gabriel;Fleming;;Gabriel.Fleming@aibloq.com;Gabriel85200104786
Jillian;Williams;;Jillian.Williams@aibloq.com;Jillian85200104786
Michelle;Hamilton;;Michelle.Hamilton@aibloq.com;Michelle85200104786
Gregory;Frederick;;Gregory.Frederick@aibloq.com;Gregory85200104786
Alexander;Sampson;;Alexander.Sampson@aibloq.com;Alexander85200104786
Phyllis;Gregory;;Phyllis.Gregory@aibloq.com;Phyllis85200104786
Melissa;Alexander;;Melissa.Alexander@aibloq.com;Melissa85200104786
Theresa;Douglas;;Theresa.Douglas@aibloq.com;Theresa85200104786
